{
  "train_losses": [
    1.1386250674724578,
    0.9905918836593628,
    1.0008175432682038,
    0.9915108203887939,
    1.1054206430912017
  ],
  "val_losses": [
    1.007722020149231,
    0.9595271746317545,
    0.9943946401278178,
    1.2952752510706584,
    1.0156090060869853
  ],
  "best_val_loss": 0.9595271746317545,
  "epochs_trained": 5
}